user_type,avg_monthly_income,income_volatility,upi_success_rate,bill_payment_delay_days,monthly_repayment_cap,essential_spend_ratio,account_age_months,loan_default_history,savings_consistency,trust_score_target,user_type_encoded
salaried,65000.0,0.12,0.97,1.0,18000.0,0.5,48.0,0,0.82,78.5,2
gig_worker,25000.0,0.45,0.88,8.0,6000.0,0.68,12.0,0,0.35,58.2,0
student,10000.0,0.72,0.75,15.0,2500.0,0.85,6.0,0,0.15,32.1,1
salaried,95000.0,0.08,0.99,0.0,25000.0,0.42,72.0,0,0.88,89.3,2
gig_worker,35000.0,0.38,0.92,5.0,9000.0,0.62,24.0,0,0.48,67.8,0
student,8000.0,0.68,0.72,20.0,1800.0,0.92,4.0,1,0.1,18.5,1
salaried,120000.0,0.06,0.98,1.0,32000.0,0.38,84.0,0,0.9,94.2,2
gig_worker,28000.0,0.52,0.85,12.0,7000.0,0.75,8.0,0,0.28,45.3,0
student,12000.0,0.65,0.78,18.0,3000.0,0.88,8.0,0,0.22,38.7,1
salaried,75000.0,0.14,0.96,2.0,20000.0,0.48,60.0,0,0.8,81.2,2
gig_worker,21104.959055624637,0.4045980821176709,0.8286205753646987,2.755086958186593,6680.648928447154,0.7002787529358022,35.739048267433915,0,0.6982141063779957,100.0,0
salaried,74783.53277034075,0.13185086660174142,0.9104447400194775,0.9091248360355031,10907.262570247214,0.47606056073988445,49.188308718347415,0,0.6582582220983677,100.0,2
student,10715.861807471296,0.6599085529881076,0.7520274341035676,14.12139968434072,3175.0454549561173,0.7499184455395899,13.798923206685844,0,0.2679899920231348,72.80625327033583,1
student,9772.779488642482,0.6011572371061875,0.7696528288681437,6.30103185970559,3295.5902277489668,0.9414080082686398,19.976344310445683,0,0.31860729193820264,76.87328424305782,1
student,8935.343415973206,0.6985530730333811,0.7404340780899856,5.687770422304368,2924.8068585285087,0.7646949954000042,16.912967971433623,0,0.3868885625333146,77.15823850371223,1
student,11514.733840807437,0.6054563366576582,0.7683630990027025,24.391692555291172,3382.8354221499535,0.9348747353910473,21.791374358980626,0,0.5632884685123402,68.29239894016258,1
gig_worker,21927.31725707914,0.4449721611208636,0.8165083516637409,12.773587618975082,4148.392569940097,0.6202336274218452,28.793235492646435,0,0.6236757975536937,89.39840675931411,0
gig_worker,17333.6462917049,0.695410427810181,0.7413768716569457,12.039182000856547,2594.481463252595,0.5513805292809006,40.249379995103034,0,0.45145589372618755,81.56888074574532,0
salaried,66892.51164843139,0.11738035892876947,0.9147858923213691,4.315517129377968,17112.74546715761,0.4827245062131623,27.050800813729133,0,0.6771267812507624,100.0,2
salaried,60647.8390752256,0.19563362070328197,0.8913099137890154,4.436063712881633,13224.48760505796,0.42989856148457545,58.235749786703764,0,0.7010029868488797,100.0,2
salaried,120584.4438044001,0.16413115275378243,0.9007606541738652,0.12709563372047594,15310.951309252674,0.40785729642168356,54.54769974066146,0,0.7040925156971414,100.0,2
salaried,56194.137923989365,0.13739383437233124,0.9087818496883006,2.0519146151781484,16233.800014377754,0.45719954137290564,27.695035671782065,0,0.6159300855528026,100.0,2
salaried,77521.72497287208,0.23071908852815765,0.8807842734415526,4.018360384495573,11367.980695571163,0.6231397496224944,49.888427611951236,0,0.7803959368601534,100.0,2
gig_worker,39265.49322345622,0.3885181735846868,0.8334445479245939,4.963157113045241,8119.198817343033,0.7545036914806234,42.150684496766424,0,0.5701132866224576,95.83866530570442,0
student,10813.45064525912,0.6512845514210884,0.7546146345736734,23.858194078250385,1955.0798029782804,0.8296976554358415,17.763398136798735,0,0.5507638939636351,68.15616503971737,1
salaried,65662.94715295087,0.1377673443738046,0.9086697966878585,2.4862425294619275,11505.43385453702,0.4712101235943669,25.770573473017574,0,0.7181433003443756,100.0,2
gig_worker,33822.032795468214,0.43384666173344033,0.8198460014799679,3.8836333371859,7520.775107031866,0.7964126135276502,16.166321403483018,0,0.6181778875585511,89.14093005912231,0
gig_worker,27927.770842088874,0.6048757220141507,0.7685372833957548,6.781180725350292,7207.500168942425,0.7083824276902237,28.502536731139855,0,0.537665315468281,88.85890530369782,0
gig_worker,43652.8396294277,0.35580574012474964,0.843258277962575,8.657209757890652,6837.079900807393,0.7112931976023625,13.32339001820964,0,0.5525371598153114,95.61703925101386,0
salaried,83103.84123453069,0.120628141621899,0.9138115575134302,1.7053317552512925,10667.905496828334,0.6311734045696407,66.1122889622871,0,0.7756183288371143,100.0,2
salaried,90458.29786625659,0.13627784363506776,0.9091166469094796,0.46551383902949606,29335.98235743596,0.6251045142908327,54.38886994911686,0,0.6729961662027576,100.0,2
salaried,108087.44074403998,0.23456653899288657,0.879630038302134,4.4354321213255865,31882.432037056933,0.5605079115385719,28.038718319762346,0,0.7788263331623918,100.0,2
student,12524.499035974413,0.757568559307808,0.7227294322076576,18.03922519005201,1954.6650911317986,0.8780448053368839,7.982230837432802,0,0.4194062859507225,69.47892921368692,1
student,8349.435322922283,0.8047670231482533,0.708569893055524,18.15225784600687,2021.207514044682,0.7234186919570231,10.722031864248104,0,0.24033667912477308,68.04735062503403,1
salaried,83180.10322286343,0.19467079389958944,0.8915987618301231,3.974056517708242,18770.361644318815,0.5442259711565898,47.640849303305465,0,0.7499331582386979,100.0,2
gig_worker,28083.24393444952,0.35851058825100884,0.8424468235246974,10.391139846793182,4051.7849967410125,0.7851146460882286,46.065000234108666,0,0.545941257126028,91.91019846108568,0
gig_worker,29006.940888946723,0.6883291866652843,0.7435012440004147,14.527059702160287,9086.492802008257,0.6236122230173965,22.17410460128086,0,0.3320790895477127,78.92897023936368,0
gig_worker,35922.726543581906,0.5448804418604225,0.7865358674418732,14.170012064090152,9843.094667393181,0.6925152925223412,10.08141273837228,0,0.6200878899150255,81.92598034036767,0
gig_worker,38459.38807089901,0.6092690162139716,0.7672192951358086,11.061204632938484,10600.215807012464,0.6398727878049388,18.33085745910872,0,0.5274726086753713,82.22334008273434,0
salaried,70770.41289219454,0.2369860828834707,0.8789041751349588,2.556711994304689,15950.17010101361,0.5995737947416938,55.19826867733273,0,0.7465461511007478,100.0,2
salaried,52711.519425099774,0.11409729097613036,0.9157708127071609,2.89140070498087,5744.794908364784,0.5163995045331151,50.04694246596368,0,0.7587916035850251,100.0,2
gig_worker,17993.852854342607,0.363071866062225,0.8410784401813325,12.693807288575558,3419.6896357006476,0.5817651281629712,27.934216922301783,0,0.49690318861171795,84.96177415205602,0
student,19167.10787217739,0.7412289704494619,0.7276313088651614,19.52182667445323,6592.776305804493,0.8290750870752988,9.782085931766165,0,0.2865122931089451,68.84566338412705,1
student,17530.241274961598,0.5735369144026798,0.777938925679196,5.507014868309151,5971.888870561987,0.9089950301280514,17.61545832796766,0,0.35786614737964584,78.0389146248822,1
gig_worker,32542.136259496947,0.6001085729450217,0.7699674281164934,10.582565897330506,5531.625380466406,0.7887163201657985,36.99167050122227,0,0.4734510801032926,86.66276078292913,0
student,7163.31807847643,0.6243192968503473,0.7627042109448958,12.119453573025233,2073.504993795758,0.7035983721574389,5.437525450645241,0,0.2876270625854827,72.03514472717886,1
salaried,66439.12058189996,0.11467512409765022,0.9155974627707049,2.4580793755841617,14508.174075943922,0.44330046747750385,44.82487916342271,0,0.7659499549570747,100.0,2
student,17616.01704141691,0.5635912029316134,0.780922639120516,12.492252292529425,4517.891439332126,0.8257840646450219,20.98628666495477,0,0.3607256063654609,74.91818717196642,1
gig_worker,28380.33979334759,0.5550214534457121,0.7834935639662863,14.22299313852445,6921.072156938458,0.6470424815516305,33.018105174578835,0,0.4806721647273532,85.70698276077025,0
salaried,70913.44910675741,0.15791539567011614,0.9026253812989651,4.805952819119571,23141.72907870611,0.44894778369732413,27.329342442007942,0,0.5607173102933952,100.0,2
gig_worker,26108.537871581117,0.4616414706028164,0.811507558819155,12.983379042602909,2762.7528410340647,0.753617120647234,17.8379005404828,0,0.5820362672475554,84.60489435408529,0
student,12622.79478385716,0.8132416040581159,0.7060275187825652,19.701420876077716,3797.823202633357,0.7705086431428265,6.726230419374179,0,0.4041054593453097,69.15069161282955,1
salaried,43184.92582102327,0.21646194411129954,0.8850614167666101,1.7040177012650892,14367.164097993314,0.614603187960753,44.591713314000884,0,0.746485695758625,100.0,2
gig_worker,20235.439165745163,0.6658935173378483,0.7502319447986454,8.568280841822144,6204.476361199291,0.630012400257653,43.61197559684042,0,0.2537151850413805,88.5114332258686,0
salaried,65934.39306567186,0.24250929505762073,0.8772472114827138,4.7530357346877805,16045.759085134561,0.5579593030424499,45.52538505495935,0,0.6030937865764022,100.0,2
student,10160.715951274866,0.775712358831304,0.7172862923506088,20.83158087451697,3021.843009854651,0.7228015257621725,13.382826398754212,0,0.3494312493983383,64.68365041362375,1
student,11072.722472409234,0.5851201049282818,0.7744639685215154,7.859833641056717,3215.271218440075,0.8545545158290653,5.123576198578595,0,0.5092186764807669,77.7725166865091,1
gig_worker,36430.50441101007,0.6376510207516246,0.7587046937745126,11.18114895303445,4383.944719102263,0.5712094285212981,47.43886229704937,0,0.3786020316690925,86.75603590254032,0
salaried,60036.58835043366,0.11252510750480033,0.9162424677485599,3.885734579637184,14384.830353673686,0.5060555023117441,67.50501048454733,0,0.7302724667843775,100.0,2
gig_worker,40880.89092998537,0.5140312246979442,0.7957906325906168,2.7319425838638853,5302.434661869333,0.5793815616942762,33.26683268887467,0,0.5165918947103814,100.0,0
salaried,48315.850412918764,0.23028986922841904,0.8809130392314742,1.117979192597263,16466.314073782956,0.4030386186724541,70.55418368196668,0,0.7791690125723699,100.0,2
student,9467.58925944678,0.84788943883579,0.6956331683492629,6.475931294707977,2257.6751445188097,0.9423256339047748,13.985054727573125,0,0.3499909433939111,72.59056080035522,1
student,15601.234645240194,0.8203474031472967,0.7038957790558109,5.908927606829158,2655.966626399893,0.9376028710191396,21.69553946170924,0,0.34383133745208294,73.07902870782799,1
gig_worker,44528.70232195052,0.41584240590331645,0.825247278229005,8.028079264219768,8386.449276337573,0.6959140279627181,9.264854752529363,1,0.6963577798018911,69.06159682451548,0
student,6261.880448807343,0.7941385059120846,0.7117584482263746,18.694623451077586,1000.0,0.9277317961234606,20.27328210138655,1,0.3912327489692573,45.11949691074011,1
student,13087.429376415907,0.6754729108871856,0.7473581267338443,23.654569667080267,4142.380434966757,0.7113046675265473,3.553706464442292,0,0.4878822527022385,66.02458904430836,1
salaried,74432.16286634775,0.15713362849465323,0.9028599114516039,4.8495719890730165,23113.399496552385,0.6095821761777844,46.497271670158575,0,0.6377419444824198,100.0,2
gig_worker,21221.233051466734,0.6526528316892686,0.7542041504932194,12.567713118691008,7425.933737765437,0.7991592092684764,29.328131635310353,0,0.5418380199511673,83.28576385594347,0
salaried,65304.64437675339,0.11937391227272426,0.9141878263181826,4.770255136293612,16426.96917093114,0.45716070137586573,56.24163285148112,0,0.6858244680462176,100.0,2
gig_worker,17207.01221970014,0.5850506184574799,0.774484814462756,8.764000111749313,5043.02422299359,0.6800408752779984,41.79162301337868,0,0.467251020386128,86.75024169832817,0
salaried,54694.251291067674,0.10431740144700086,0.9187047795658997,3.775686278368095,13951.266749100727,0.5760199420248059,34.22227975242772,0,0.5917729588321641,100.0,2
gig_worker,27847.244496568397,0.5564711903991215,0.7830586428802635,7.09917258629652,5830.342228334834,0.7760396736234372,20.626729614978615,0,0.55121318958287,86.35345036541754,0
gig_worker,37852.37901384065,0.6823322182801748,0.7453003345159476,3.911955252077493,12553.624395670913,0.6730290732698846,16.84626430855625,0,0.5346104416175382,84.67049257000505,0
student,12992.101671191796,0.6486254830862525,0.7554123550741242,17.668017086334515,2079.2092408835674,0.7189658320271659,5.7064741601236335,0,0.3063955182019368,71.64779454039774,1
gig_worker,21189.984761223102,0.4709835491633521,0.8087049352509943,13.658249328778155,4629.808459765953,0.7168894346302568,13.237434590468453,0,0.3796704553819324,82.70129506233891,0
gig_worker,33901.386199386354,0.44750661866118546,0.8157480144016444,4.301136295597709,4141.923333379147,0.5801589677751502,25.35270825737448,0,0.49077698711771134,92.34287502187786,0
student,11694.15146256043,0.7898231196727128,0.7130530640981861,17.558007789818156,1408.4407720166494,0.9183946560266942,22.338320411168077,0,0.25916942264053344,68.95382695227933,1
salaried,70632.01122612893,0.21223895355754874,0.8863283139327354,0.9226050967818866,10759.892061638147,0.4926180256978455,47.257103289169024,0,0.6333307197364024,100.0,2
student,14554.206277136487,0.8185620513061598,0.704431384608152,15.233548842313322,3391.542984563006,0.726793002834944,12.395659703292548,0,0.23160392030672308,69.67644102609312,1
gig_worker,22096.51323362767,0.4820494570866179,0.8053851628740146,2.260925571110443,3988.8579595088804,0.6028620017491362,19.754888791472418,0,0.6279285099699977,95.8902691838958,0
student,15165.992989639244,0.6995326596787173,0.7401402020963848,6.738405761748474,3553.0378109412923,0.8467102795052197,18.654228957870927,0,0.2685544950314388,75.3005552442485,1
gig_worker,35229.07409068259,0.4770788037395223,0.8068763588781432,10.396924137310815,8549.905205202082,0.6390241814744616,47.433640449305145,0,0.43492075527708496,89.76334835142005,0
gig_worker,26335.120777348988,0.40623848064084445,0.8281284558077466,4.425371312666975,4510.516002882686,0.5933433988236887,43.66414783430986,0,0.5636103284865697,96.7333203543565,0
student,10122.021209236798,0.8447135850725819,0.6965859244782254,7.240778043361047,2018.9778238623321,0.9423676083188421,21.175649643773585,0,0.22054269706993285,71.35481342179858,1
gig_worker,34226.53287704301,0.5448670125548754,0.7865398962335374,9.430964963108698,5818.331701216406,0.7423732332979842,13.855837439415982,0,0.4507107240519998,85.83359494061544,0
student,12622.510455477408,0.6227229197245241,0.7631831240826428,7.296736494784071,3189.140513058632,0.7721576383100639,15.206002649874858,0,0.4207082787217308,78.84717537386064,1
student,11554.345784978852,0.5903244030816923,0.7729026790754923,6.267499409455355,4015.020288100747,0.7805884612436806,20.00736336294733,0,0.5002561748181633,80.1778201609127,1
salaried,63888.09793547102,0.18934581109117665,0.893196256672647,2.357880942750792,12966.742957765751,0.4872170666357488,68.61739892389565,0,0.8259005865452477,100.0,2
gig_worker,31357.83427512299,0.413431573157981,0.8259705280526056,2.8644514757681074,8945.768052089603,0.693618278294978,41.35680862384743,0,0.6405212496631785,100.0,0
gig_worker,30715.151353165194,0.4072795800029966,0.827816125999101,4.135455373102908,9326.461590408791,0.71629930517405,27.96874784030301,0,0.6687924142421345,93.78212951297321,0
gig_worker,27999.01919140391,0.4819305502987176,0.8054208349103846,8.014837213704883,4909.473139786973,0.7369023450440628,27.114256383884126,0,0.63071404180314,91.84801342212273,0
gig_worker,40408.4194652984,0.540243501389896,0.7879269495830312,13.78413744253911,10346.959642797294,0.5792245101770911,45.472949191765956,0,0.4263255835631883,93.98093062836308,0
gig_worker,34075.02493068884,0.5367113821917124,0.7889865853424862,13.620603579662449,10125.369901255779,0.5879187199331879,19.092326847413027,0,0.5511570584567757,84.2253891163364,0
gig_worker,39978.616441853796,0.5494613897049607,0.7851615830885117,11.911962914628976,12760.8309195593,0.6355204371789769,40.49280679622454,0,0.5742588536973791,89.8384431910297,0
gig_worker,40295.79971079675,0.4024710995720708,0.8292586701283787,4.980268138024339,11305.516180223558,0.7300091341365187,32.92820058118249,0,0.5713346732610365,97.7873112074777,0
gig_worker,26442.899534034877,0.4709935977263718,0.8087019206820885,4.360770318418534,8649.806684649167,0.6958479486915301,22.835759504072875,0,0.6515888432477215,89.58862392523446,0
gig_worker,31444.24673444345,0.5640089824021267,0.780797305279362,2.2354323896709265,10000.244517406143,0.7830295706209032,29.735593710746777,0,0.5883444249119126,95.52864061147234,0
salaried,109653.57375097825,0.12288085643713921,0.9131357430688583,2.881441800834066,27597.47564619049,0.5060326678255965,59.349323309986694,0,0.8539420400097493,100.0,2
student,19616.07330521246,0.6697008111610391,0.7490897566516882,6.095232776440627,3605.420746478998,0.9007133621495028,3.09727248309666,0,0.36763012138065954,74.41415922901524,1
student,13571.85800132338,0.8259566849238281,0.7022129945228515,11.926919887319226,2534.3856974423593,0.884375312027437,12.49657675868595,0,0.2901578438855112,68.86378160305242,1
gig_worker,29946.7723629501,0.49662390732659173,0.8010128278020224,13.892996713885301,5707.809136936939,0.6951470875695109,32.55510009262028,0,0.5510868672090582,87.11248729525988,0
gig_worker,19446.83963838444,0.6863746111143092,0.7440876166657072,3.932615460790468,3960.4661749197194,0.571337417019661,47.86871857752979,0,0.4167907385274276,85.23064028239084,0
gig_worker,23739.65035812416,0.6643190013042497,0.7507042996087251,4.666815326266093,3505.679989848189,0.5591374169620238,25.82681169461997,0,0.2711211910459559,86.28177915050432,0
salaried,80114.20703120163,0.16799332521220414,0.8996020024363387,2.6219513466379003,16839.260193082748,0.5001907652188315,50.862735902794455,0,0.6037824440212589,100.0,2
salaried,67751.83049856307,0.14061170097153308,0.90781648970854,3.2199977161950786,13698.305119658533,0.40634658891508624,31.495324673577137,0,0.7633101619901256,100.0,2
gig_worker,34222.11808745329,0.42769025667653227,0.8216929229970402,5.003972355644928,9170.610012129993,0.554927634438591,10.372560443352102,0,0.44694924461038077,87.47503259641158,0
student,10947.955416363639,0.6229516572998363,0.7631145028100491,19.44533863711318,3436.8272373282252,0.9075549661417479,11.340854121987551,0,0.3377242942448445,70.92990238753751,1
gig_worker,28166.271587571264,0.663717536482392,0.7508847390552824,2.1690250056395683,3418.741284532418,0.6019715637865068,7.114352562700428,0,0.4266819464014725,88.5059007751502,0
student,8275.496307152633,0.6639077224501801,0.7508276832649459,16.805898850296153,1382.1395481431637,0.8560372269622835,11.597644696016049,0,0.38249332527048696,71.02795179943324,1
gig_worker,23469.556727561234,0.6819586574367549,0.7454124027689735,11.92687532407689,3169.0542044885024,0.7671169939744782,26.472110326479573,0,0.4807813823221416,82.38644684310195,0
student,18465.718615299218,0.6273663056299608,0.7617901083110117,7.787121481456483,5700.968565565172,0.9461005451758879,14.039493828356402,0,0.35527241457783426,76.71490649965396,1
gig_worker,35378.05827531018,0.6700045822961747,0.7489986253111476,3.5307640775718347,8636.814194385941,0.6185138051718015,29.275476105663323,0,0.49691979173445566,87.9590022452613,0
gig_worker,42964.26756132702,0.5827628360911894,0.7751711491726432,4.279826622104845,14118.186632631117,0.6546926312230184,22.091818186478893,0,0.3144320883778029,89.46739108269776,0
gig_worker,42563.95708208911,0.6083117657492296,0.7675064702752311,3.076382683026644,10674.530833533623,0.6113372774203303,22.350415789763016,0,0.391714755489947,90.11185049260115,0
salaried,78609.50438802513,0.17140756032986496,0.8985777319010405,3.3183558268132405,26271.880814873013,0.5831430243025626,34.31713817235632,0,0.6258346770920286,100.0,2
student,6739.278846273939,0.5654277440452752,0.7803716767864174,14.927324944024727,1679.5004811912597,0.7835609727042402,19.18915627866226,0,0.3332846880935776,74.94740306005973,1
salaried,99625.41030446172,0.16522410079056193,0.9004327697628314,1.232010166195534,30363.3921503531,0.5998539697422448,57.34543060101248,0,0.727934739586389,100.0,2
gig_worker,29621.882778967927,0.38205372566432194,0.8353838823007034,13.925076481009157,3975.394639661881,0.7875593384552007,24.73224246423414,0,0.5833380488149144,88.82670648315116,0
salaried,82250.47776570354,0.1988175050066076,0.8903547484980177,3.4613828225892624,25686.73479102171,0.46241700221479654,47.49239825487074,0,0.8270098993950296,100.0,2
salaried,79279.92939564899,0.10591402170527589,0.9182257934884172,3.5278758625784423,26266.39825910415,0.4451438362818334,51.261371066526216,0,0.5966353805525741,100.0,2
student,13339.919194551258,0.8413174735496103,0.6976047579351169,23.885329782268677,2915.486752234623,0.9155106627473283,20.73553736923648,0,0.393884158115437,62.36625127115299,1
gig_worker,28293.820992273668,0.5586944574687185,0.7823916627593844,4.990114884740139,3682.2065701719253,0.5692383004073023,35.24412858688187,0,0.5322133569773974,90.77651025759738,0
gig_worker,33300.56317315298,0.6267531076936372,0.7619740676919088,6.143782538116909,8540.69014745837,0.7714944370590469,31.86625390365679,0,0.2812683698507791,85.38312039893377,0
salaried,41054.731055287644,0.10319041162755807,0.9190428765117326,4.3735083634209975,9534.316051189218,0.634766924628224,62.34159531713594,1,0.6932992976589781,83.33551592329142,2
salaried,62352.13633750038,0.19412581948275554,0.8917622541551733,4.368385570931694,21575.140293498735,0.5920683534661295,44.05280554403202,0,0.7547991987870142,100.0,2
gig_worker,10123.107367313485,0.3886659395959881,0.8334002181212036,6.610088049330095,1739.2485248796315,0.6240770301139975,15.811525544096217,0,0.4221626166624313,84.39982344922696,0
salaried,40994.825483386594,0.20194709240396047,0.8894158722788118,1.0912694393253208,13835.355786346357,0.5965862536038881,28.29172811098846,0,0.7925672368262732,100.0,2
salaried,51889.06252530438,0.17011022668748046,0.8989669319937558,3.0670569460535386,7355.714970685442,0.6477921565342442,35.120241666405285,0,0.7428278586852222,100.0,2
student,7290.118987027971,0.6029584096016525,0.7691124771195043,9.409724181403508,1068.8011773943792,0.8948961183916883,10.352630442501333,0,0.5789557432812519,77.81536206708827,1
salaried,71109.44446110351,0.23916284247928193,0.8782511472562153,4.974539113232177,10202.343087716074,0.4990605047256647,60.395446833796385,0,0.5526710664143873,100.0,2
salaried,59421.83895505328,0.18054616343401203,0.8958361509697963,2.9646996742085157,14559.631201051823,0.42287170934943874,66.11812140625825,0,0.580526778324434,100.0,2
salaried,59445.6990561033,0.243347724734463,0.8769956825796611,4.310638086327253,17975.132145403615,0.5638104951597555,50.44115378923868,0,0.6265273290805318,100.0,2
gig_worker,37072.80669247344,0.5235565072775697,0.792933047816729,3.053600806799423,5747.982989951143,0.720814690914899,9.197496098592609,0,0.48441005373765045,84.73943197469451,0
student,9147.948625784018,0.7277223353978552,0.7316832993806434,21.493619318502983,1710.2300539443752,0.8695040381397658,14.880371243911613,0,0.4769555946678342,65.67788820316011,1
salaried,83994.94963975852,0.23009413014397034,0.8809717609568088,3.541814883575174,25975.718054904173,0.574367865417321,56.64675704449442,0,0.7377585137809102,100.0,2
gig_worker,33373.47939129808,0.6583047657196249,0.7525085702841124,13.333965860688016,3581.368838531139,0.7564541876411908,11.412534433884698,0,0.47806961745570736,77.88459403104252,0
gig_worker,33346.020438288004,0.5276137068162926,0.7917158879551122,2.0830163323188366,5727.496907683469,0.7042317295939355,47.20981947715178,0,0.4113728502294724,98.0662597187602,0
student,13201.236087715311,0.7119956139147566,0.736401315825573,20.596907903022874,1673.1927762638516,0.890256975625507,14.366598152198316,1,0.32536428146275187,39.28846859080899,1
student,12526.637489671524,0.5703511177315516,0.7788946646805345,11.019271338936324,3470.4175076578945,0.7168376503671929,15.225579663701739,0,0.4940639846913122,76.99740785416873,1
gig_worker,33268.09878701941,0.6550378821533316,0.7534886353540005,14.65535659930616,11384.99092925191,0.7374129579357313,11.463622085486543,0,0.2643533456456415,75.9605251849186,0
gig_worker,28951.692744008033,0.6196425962327277,0.7641072211301817,10.882839895884567,6122.578811586116,0.6184066665704165,47.879229006623866,0,0.41363054955926604,87.06369987310059,0
gig_worker,13718.078074995969,0.6281833420624752,0.7615449973812574,11.017868935159353,2128.9415037053077,0.5705952614039607,34.58097068713795,0,0.35506785286197773,78.70170627502607,0
salaried,66663.80832316652,0.24154238802513983,0.877537283592458,2.0986365846306114,17308.023678428362,0.4993985994906986,37.16232971273616,1,0.627874769079429,97.1908704776011,2
salaried,52795.62056899841,0.13449319088366293,0.9096520427349011,1.0655235201254165,5690.497863583444,0.5629167063439713,41.689264498740535,0,0.7112670574772693,100.0,2
salaried,74045.04036095606,0.21648952791876125,0.8850531416243715,3.85460922322026,23042.50609163903,0.5902559977357498,54.05857543830794,0,0.5298641370961188,100.0,2
salaried,66549.15346605425,0.1924975471781107,0.8922507358465668,3.9826864548808816,14666.14156364143,0.42932704724059867,30.008918025722423,0,0.6635932401629724,100.0,2
gig_worker,24073.340736258382,0.5536899906700395,0.7838930027989881,5.49691425765627,7207.312070361542,0.6275904897308935,25.11924626143565,0,0.3395200719363439,88.47584297505357,0
gig_worker,29885.68774888025,0.5179785921509932,0.794606422354702,9.800267125550949,5167.702963722885,0.7237454715316357,42.12514068194659,0,0.3510984923139112,91.48661933687754,0
student,11210.034292158109,0.8459987779801439,0.6962003666059569,7.849910858030265,2519.141756251095,0.8545389335795297,17.751764381426185,0,0.14533198743766879,71.28143113530977,1
gig_worker,26773.683984215037,0.5311990751846489,0.7906402774446053,3.1422644888828337,5024.26206155893,0.5583007771978417,9.30029688051087,0,0.37109528110212875,84.76424379500409,0
student,14966.648211927055,0.610045073273443,0.766986478017967,8.349651645181396,1887.922341334187,0.8591075623859091,17.835990256224925,0,0.5648366299090412,79.8286674371171,1
gig_worker,34986.47845323683,0.5394537173553746,0.7881638847933876,11.217786752861914,11116.683465667928,0.728521733033107,39.672579488931255,0,0.5707753037107289,89.24574003003248,0
gig_worker,30916.26692972371,0.6360542194868728,0.7591837341539381,7.880137698737902,8065.881646650402,0.6816006652340283,36.72675991372394,0,0.28647309350504546,88.9813171307224,0
gig_worker,37601.163767990656,0.4058406380396159,0.8282478085881152,13.333186365698621,5820.79163652008,0.7939663139547829,20.149623254386487,0,0.6434051693189742,85.93368531401462,0
student,20895.031055162166,0.7657605334816792,0.7202718399554962,9.569094826625975,7294.110134845456,0.9436982905366957,16.656839413285674,0,0.39461215264037997,79.553389279351,1
gig_worker,29226.968747014234,0.3607283757720321,0.8417814872683903,5.349877550645778,6302.963549269251,0.7670681263520952,36.54110093018494,0,0.5612109748712033,96.16601694853547,0
gig_worker,17505.545108836224,0.6038401811452978,0.7688479456564106,8.326696238521137,5572.991984219699,0.7751754660028147,23.712278928685127,0,0.46540098989083,79.62117880158326,0
salaried,100026.05653795203,0.13159932835084998,0.910520201494745,3.114832917817414,25795.725224319172,0.5832782556038203,30.31524888610847,0,0.8437501591891823,100.0,2
gig_worker,32590.401020847563,0.5222972497568121,0.7933108250729564,5.214003967241302,10353.562219918396,0.6613263137506664,27.62232886504699,0,0.514506905576391,90.53972970028187,0
gig_worker,27668.080168052078,0.4868785378281162,0.803936438651565,14.602360190358738,4552.322144312526,0.7141841661353231,19.657982697437184,0,0.3971349755186352,82.6019356225008,0
salaried,46661.52024265157,0.1110245120995019,0.9166926463701494,0.8487895254377037,10729.512679802545,0.48425079410782157,63.786401562365256,0,0.6579995745165879,100.0,2
student,11182.812088500574,0.7620331650656338,0.7213900504803098,8.340838158018997,1586.894758393555,0.7091678567333857,18.464442316378452,0,0.3351693636855639,75.90453391276776,1
salaried,75439.83433376753,0.2302406920769888,0.8809277923769033,1.0292060501838414,9654.78281989248,0.4674374028792474,26.74016909228711,0,0.7928372924422952,100.0,2
gig_worker,40389.90803155037,0.39273846990350936,0.8321784590289472,7.878587367684658,13468.772320883678,0.6290390262441876,27.303861964912482,0,0.458859878346521,97.65135103330643,0
salaried,72090.13890431897,0.2301877441780033,0.880943676746599,2.2736992781692953,16501.361220130235,0.52221164506423,56.00948436221301,0,0.5208794304550014,100.0,2
gig_worker,33620.27913457068,0.5966382669578263,0.7710085199126521,4.624094877598329,9022.274510121286,0.7924780115268176,9.943830063155573,0,0.42514210561667554,82.21412519853664,0
salaried,78208.23907085505,0.22571729344721653,0.882284811965835,4.723071097370116,21179.730192377243,0.5242936910021069,53.656667529658264,0,0.685752547923319,100.0,2
gig_worker,22662.721558431713,0.6758320434274422,0.7472503869717673,10.963847763410294,6099.180778948579,0.6039187880994293,33.6731897497716,0,0.4398706670559823,83.39688035801396,0
gig_worker,38041.140586224144,0.6238349194203956,0.7628495241738813,9.37121139282668,10826.976604851356,0.769628890325337,22.973893509343384,0,0.47597706401683804,84.39941001634634,0
salaried,66214.29934803325,0.21434277021649237,0.8856971689350522,3.9890682442931724,13831.890934311363,0.6044585540437555,29.770034657789203,0,0.523121936019541,100.0,2
gig_worker,19775.81933250899,0.5934135223414517,0.7719759432975645,7.051255316514495,4195.902937408932,0.6093860327185819,21.676575248432282,0,0.31591066372566207,79.64652685995696,0
student,7068.777853235827,0.7504638395665049,0.7248608481300485,17.389806920192292,1525.9618933046331,0.7949464450448074,21.13000664100833,0,0.3434762595490164,71.51656361919471,1
gig_worker,20746.04619958441,0.4895879733139151,0.8031236080058254,9.54224079995532,4842.14039161137,0.7019762731983612,38.125096984769385,0,0.5716841388795992,94.39469489957028,0
salaried,47008.06221606482,0.10273488740145426,0.9191795337795636,0.9788899284177305,4789.685245982689,0.5618686785386507,67.10546634959937,0,0.8664694309980194,100.0,2
gig_worker,28488.826497724196,0.38549728995722576,0.8343508130128322,8.316332869422233,4677.69842139009,0.6212182254904808,18.906178526904036,0,0.580450009028241,91.06450469315416,0
gig_worker,34424.586211523834,0.5636168241588214,0.7809149527523536,11.309958764901516,5788.700725297901,0.6533872753813379,11.119215920151797,0,0.516165261694202,80.85128148453724,0
gig_worker,44773.01200664378,0.3874069230831603,0.8337779230750518,9.375058855175746,7349.073349444155,0.790731718809395,26.30891716223684,0,0.5826238087969824,97.69461556814788,0
gig_worker,31778.26173966627,0.5716029814579078,0.7785191055626276,14.368243448686542,7957.370645538412,0.7547972148566976,43.136671460633124,0,0.37065166309772335,86.43632345700657,0
student,15448.259184791144,0.8200069370194034,0.703997918894179,12.068427586054362,2459.6353655501534,0.8951313788109654,8.770926746510858,0,0.2851173138829868,66.83799307978124,1
student,11097.287941915922,0.5786605941504005,0.7764018217548798,17.477186493531462,2363.0777976410914,0.8466521157938685,6.528298362642132,0,0.5616427667727283,74.48012369017889,1
gig_worker,39796.675501009144,0.5413440944499245,0.7875967716650226,5.01531224950768,7868.857317713559,0.6986190837965434,26.864208072085113,1,0.3661254690970652,63.40330186382971,0
student,16870.189686897138,0.6712956304312876,0.7486113108706137,13.563992298512295,4713.521575076462,0.8731090378310924,23.816375867745954,0,0.2784555165564774,71.71358413689407,1
salaried,45654.31159801382,0.111912905348348,0.9164261283954955,0.4282912479821527,14771.348364805424,0.4479668311796857,39.521834981545,0,0.6893511485405723,100.0,2
gig_worker,34506.76370004019,0.5316709268178946,0.7904987219546316,2.878963326698794,10355.104592807917,0.6084280204776082,28.680500413389446,0,0.5262606546234215,96.9061031436005,0
student,8482.190229416052,0.7508460865594571,0.7247461740321628,24.88278722442335,2251.6805003378636,0.8394458543425062,18.343660715024168,0,0.21753505084456135,62.89404646369965,1
student,8299.595696159682,0.837287585351614,0.6988137243945158,8.506058847153193,2261.6499751620504,0.7502334221647641,14.252381373934707,0,0.28273872966648717,73.65197083180675,1
salaried,89710.14211965849,0.21931749411845938,0.8842047517644621,4.635889097397263,14233.457839592169,0.49982897895232703,31.31596863986004,1,0.7965097939062129,85.28716071684018,2
student,8356.369530820779,0.8026099883129263,0.709217003506122,15.419159545440843,2138.365063852621,0.7222811080290041,18.860678830432967,0,0.41625429608800274,71.85574831402758,1
salaried,53941.08492646597,0.15402046112072787,0.9037938616637816,0.4382137338191927,18029.238868805405,0.5384505601780941,38.66516691158513,0,0.6917484854790139,100.0,2
student,9330.761694640294,0.7047038283089493,0.7385888515073151,23.387839464288348,2092.338126947216,0.9480395037058281,20.87992411264701,0,0.5063562674078053,65.77175543788496,1
gig_worker,26491.302349941634,0.6572910121557742,0.7528126963532678,13.284736971396855,7986.63359649756,0.7475076090767654,18.796523842117715,0,0.3765194463360839,78.95952076464933,0
gig_worker,39330.421977894315,0.5932328811158616,0.7720301356652415,6.499296444991212,13525.832419229102,0.710243019336333,40.54418367264316,0,0.5526646160122698,92.210570416677,0
salaried,106973.16453786526,0.21472147013544932,0.8855835589593651,0.8741931363020627,24137.587350954826,0.4996657569430783,31.025951623787957,0,0.5416188107343785,100.0,2
gig_worker,27598.877724860067,0.39730820120418797,0.8308075396387435,14.52049645065926,6551.487389327424,0.791455540288305,24.164910889865542,0,0.5634576381295604,88.31299951659126,0
student,12849.898255320471,0.6148114547528799,0.7655565635741359,17.39175909795659,3373.744296235671,0.738006213282162,4.288342169324031,0,0.4190532542790681,73.2509897781298,1
gig_worker,23653.744849330615,0.6982032110094185,0.7405390366971745,2.7511472929527665,6475.420976112144,0.7959197313158535,16.045564377068878,0,0.26749355522107754,86.72099797690875,0
gig_worker,32419.59771488099,0.3718021293455219,0.8384593611963433,8.622487665947267,11320.087532888358,0.7534925673765047,31.83921640570246,0,0.6140874732801784,93.59741458796304,0
student,10116.214539738152,0.6778250151671115,0.7466524954498666,7.61420753480399,3253.8910672760007,0.8124461622053306,7.087072748236066,0,0.36754391665841124,74.96832458683319,1
salaried,83179.65264589064,0.10165468966429708,0.9195035931007108,2.0807699908988075,18327.475098628347,0.4047980692057642,36.471034019761646,0,0.6301400979201215,100.0,2
student,14286.595202376633,0.6145605616051713,0.7656318315184486,5.242415492877866,2290.1464169746287,0.9439684387275133,19.83227934954278,1,0.42761987621480596,52.693624806471774,1
gig_worker,14318.735933649345,0.6455249789588655,0.7563425063123403,3.2750735501951795,3179.6225716048216,0.5875121661734961,19.63638892938252,0,0.4054904514353107,79.74804257633023,0
gig_worker,46484.468932928416,0.4880666974995123,0.8035799907501463,7.972807989277826,13771.216179249968,0.7730211722350586,46.124056833164985,0,0.4517820502246964,97.65561055087556,0
student,7202.590540658962,0.8022614738277768,0.709321557851667,5.7685269792465,2344.0146526859917,0.8153693661561835,16.38123101297389,0,0.43717843791529487,75.32676603670683,1
student,10779.830750860248,0.7341800754280186,0.7297459773715944,6.333040811213799,2475.070759200411,0.7375422502042603,18.486109143151197,0,0.4135602885056948,76.97951548046173,1
gig_worker,31895.69132569634,0.37522951759953566,0.8374311447201392,2.926337460948362,3286.1211796988364,0.78912534957487,36.97535109727829,0,0.5138229638265752,100.0,0
gig_worker,26361.437472892376,0.6211287359134137,0.7636613792259759,10.597817943915388,3856.6490929380006,0.5935273338335212,10.132617287962688,0,0.5066345571184725,80.16513241252706,0
gig_worker,34857.04880626895,0.4836788738785135,0.8048963378364459,4.673934408542216,4543.497956177045,0.7037532420097167,38.53461878678709,0,0.5188833156476393,93.96238016625831,0
gig_worker,40489.27109054484,0.6889710721580342,0.7433086783525897,12.38328449150947,7012.964815372192,0.7949925823397127,31.27902676472553,0,0.4610393105340391,86.83559050448325,0
salaried,57193.95197972632,0.15074012589917477,0.9047779622302475,4.640418201630249,8931.05882739616,0.4930417559593784,44.73969038132141,0,0.7434377992088529,100.0,2
salaried,75388.14100686762,0.13610390677487574,0.9091688279675373,0.6075068815045903,11260.547384250807,0.6217312250523174,54.998919007449885,0,0.8131217376256598,100.0,2
salaried,82563.44055037558,0.169080924591121,0.8992757226226636,4.209992764450307,23293.018233871484,0.5941118616249312,55.49576820869143,0,0.7120595209144089,100.0,2
salaried,57795.31965910488,0.24060820997456783,0.8778175370076297,0.21586867898505835,8160.91320582031,0.4329321933636405,58.84703567929418,0,0.5696884839084609,100.0,2
student,13483.330242250855,0.7126711616475545,0.7361986515057336,16.806953809175457,3061.931308275951,0.7743871128297051,14.865461850039338,0,0.4843941777697096,73.79316126841493,1
student,14170.840857533338,0.7783364611129474,0.7164990616661158,8.201432699091459,3052.2484649052976,0.7023329049567733,8.180256154954083,0,0.4805411087370406,75.10968967101539,1
gig_worker,40303.8597904155,0.42141247212011457,0.8235762583639656,9.216104340929721,11416.786661931097,0.7039963625650448,13.897038853847477,0,0.6322900520735505,95.252657638781,0
student,10731.56411674337,0.5515688840628739,0.7845293347811378,20.219815200561875,1167.8929290719016,0.886433445682808,7.252091763469986,1,0.42944089495290105,41.343760140497096,1
gig_worker,26366.483533507875,0.6568277666398701,0.752951670008039,14.952346389154215,5064.405146186496,0.6621526577386356,36.32697940451496,0,0.4338166402721132,86.22394868131046,0
gig_worker,23437.249403754435,0.4944176442970183,0.8016747067108945,11.04303590445849,2362.5817520605697,0.7048973343649603,20.93070643853701,0,0.38124660536872873,82.37711919484306,0
student,18642.754570386827,0.5694560783448905,0.7791631764965328,16.599675748562625,4481.180299134726,0.8401650236040427,15.67324099852555,0,0.5498230528972966,76.58502728292567,1
gig_worker,27631.86218136082,0.6387672935630218,0.7583698119310934,8.477323869424897,3295.50215537925,0.5646377323109948,20.038009385234552,0,0.47904390428446164,85.79226552408444,0
salaried,28396.557056298276,0.12211787900594259,0.9133646362982172,1.6409637680465576,5920.819629403543,0.42215010741990433,34.58937373013814,0,0.7974282068681913,100.0,2
salaried,82014.04959444194,0.23996699970153365,0.8780099000895398,3.2128259976759574,16838.469643049728,0.5590443411770583,61.711277667851135,0,0.6289912670879663,100.0,2
salaried,87979.62057986576,0.18816540412932975,0.893550378761201,0.9223812656681968,16765.296237273684,0.48362782218548306,25.257442009539112,0,0.7866098706251342,100.0,2
gig_worker,14501.101468188323,0.5313275681835854,0.7906017295449244,5.88343245665405,4860.331442427919,0.6148241897164435,24.045586135035272,0,0.5837835291273913,86.43654900532768,0
gig_worker,28463.11157822848,0.5190391052298743,0.7942882684310377,3.735239641407269,3419.853627683637,0.7319848267434413,26.851368398922588,0,0.5574290054577944,90.46428408335476,0
salaried,90857.4967186112,0.12383622515040305,0.9128491324548791,3.0511257473882063,12160.232943459981,0.5878437715072614,55.533847500822695,1,0.5963856698166845,87.35775273831126,2
gig_worker,22188.997829733027,0.4364425796751999,0.81906722609744,13.781309546773477,3603.1948046930065,0.6179874315321578,37.89472702155447,0,0.6211476192814345,92.54974475859837,0
gig_worker,22860.35328514477,0.5206499177856845,0.7938050246642946,2.436976802382674,2644.1039198733415,0.7766093633361028,11.848305586938997,0,0.46093873010880126,90.11242392358545,0
gig_worker,31976.619022450424,0.5460588642116446,0.7861823407365066,14.178692006430193,3615.419476457639,0.6546983297685404,16.926627220406147,0,0.6167538086221872,84.17325657373695,0
gig_worker,30698.648463323272,0.578961110515926,0.7763116668452221,4.575269225876622,7408.583534026053,0.6659831216720841,46.82422384452456,0,0.40747524531649004,91.378210824192,0
gig_worker,26585.943064941166,0.4378383314691043,0.8186485005592687,13.058008751934791,6388.7535805008,0.6808477278435916,10.820292618507134,0,0.6041412920810825,83.85083813273675,0
gig_worker,25665.320098650867,0.597742284030419,0.7706773147908743,9.065996825454398,3090.9087995560817,0.6645751603821641,26.357244059461973,0,0.5750640736818333,89.71603297079523,0
salaried,63274.29671419177,0.16176483123767627,0.9014705506286971,3.2548673357547706,14955.384156976384,0.41556827647047145,48.60012714097592,0,0.6907130645364817,100.0,2
gig_worker,46080.074314400015,0.6251973697844115,0.7624407890646765,4.617729167767667,7587.324254163252,0.591176588358074,19.869032724602896,0,0.4306973359805343,90.34888957495069,0
gig_worker,27116.21276636323,0.5079337704633458,0.7976198688609962,14.804865529831376,7945.134918113485,0.55679185530639,8.738592832940666,0,0.6180057994804605,83.67815502173525,0
student,13534.246502789862,0.699343752410287,0.7401968742769138,7.109473999132612,3575.6806091456697,0.9055257901500563,10.98882015765881,0,0.5197367447240713,75.34536733120892,1
gig_worker,15353.852412841072,0.6274990466618438,0.7617502860014469,9.508713756455048,3971.2064369969194,0.7494785399039736,22.630759851823104,0,0.43340923217673577,79.06678173462527,0
gig_worker,31605.214431645498,0.5935646913590809,0.7719305925922757,12.312397555697308,5663.351625026256,0.7642948142496883,44.05801670016219,0,0.5889176269991181,88.13451449671477,0
gig_worker,25627.940843929966,0.6628963985027546,0.7511310804491735,10.505803180224504,3537.3239775251914,0.6600808545920873,31.842517052931687,0,0.5169870714205488,83.95935086531756,0
salaried,62264.243951004966,0.17578101603649574,0.8972656951890512,4.835633076295852,12729.317276799382,0.6460275797591245,56.0601599425741,0,0.5943178589668381,100.0,2
salaried,52164.830764299484,0.10189112799636386,0.9194326616010908,2.7987784181919126,12094.411084726175,0.5798384055922896,66.7323865448545,0,0.8083142703042904,100.0,2
gig_worker,27957.984463181972,0.6503619686050073,0.7548914094184977,12.64782568020153,6575.674296236119,0.7275606996558279,19.202704753717434,0,0.5062738881501372,80.54552066820162,0
student,11726.492641331439,0.7984747757311654,0.7104575672806503,11.704160947417455,1682.0527749462258,0.8780035050826951,20.345542466869716,0,0.24287736838808416,68.9531148146196,1
gig_worker,12079.600811843975,0.4717794940537583,0.8084661517838725,7.854562725770364,3469.3408881624237,0.7127868962204186,32.078999834094105,0,0.6193665694931729,87.11627193576848,0
student,12113.851308871337,0.5878794224693509,0.7736361732591948,18.52355124150868,2195.950556601287,0.8715817991715243,4.462464111410521,0,0.5539935241901254,74.03272359059913,1
gig_worker,31084.35673726904,0.6429643938350289,0.7571106818494913,5.630589149907335,8104.328331777348,0.7235376433774579,27.531499632092224,0,0.3280146766103115,85.93270789375191,0
gig_worker,38229.460885571134,0.6784066864569689,0.7464779940629093,13.325658269419677,11144.506941149648,0.7471118358133247,33.929365945991805,0,0.5151144973375676,82.95588591876945,0
student,8049.753459533829,0.718132189294132,0.7345603432117603,7.219789384269621,1704.6470735432704,0.8150895678004815,21.15583579997607,0,0.3332408511146437,75.85443324787173,1
salaried,67186.9881991769,0.1063037012757108,0.9181088896172868,3.6995206038346518,22139.398439554025,0.4700093323876224,65.20040048635781,0,0.859448827727748,100.0,2
salaried,55861.51912835402,0.2207360165262158,0.8837791950421352,0.0900327780022725,19032.164207502417,0.5816677480175808,38.6280525785344,0,0.6020147496087496,100.0,2
salaried,75092.7172572826,0.18110477149673654,0.895668568550979,0.48267235097720407,12050.387938658927,0.4031010090693287,46.50086234229628,0,0.7208443823912858,100.0,2
gig_worker,24833.829194907452,0.4549716890274446,0.8135084932917666,11.661511583510844,2782.275660901964,0.7757237487979969,41.79508272442962,0,0.5549834576157485,90.28157116986304,0
salaried,81014.57013342246,0.1052005400089725,0.9184398379973082,2.914034175417448,28262.69263057243,0.6139240234593849,49.0293930740923,0,0.8362917303103294,100.0,2
student,10052.006064238818,0.5844798991178701,0.7746560302646389,6.8771456964671245,3291.0941827166052,0.8673000657345196,20.415022785651868,1,0.47084376614377454,54.29871101196919,1
student,6569.902790182263,0.6803787882576136,0.7458863635227159,20.477593114603128,1645.6348862438247,0.9231308224887115,12.310980301962942,0,0.43116499297302846,65.67155788822899,1
student,9936.198399488467,0.7607901319256549,0.7217629604223035,9.748669367496126,2266.3568765504338,0.7260562007020869,11.074737880541063,0,0.38919319870824887,74.3327859276486,1
salaried,92186.18460108641,0.1759399089242804,0.8972180273227158,3.170520156881657,10853.36105277669,0.4635978952104618,41.36894847384666,0,0.5581306782961469,100.0,2
gig_worker,34889.14923719634,0.446885007726957,0.8159344976819128,14.629924981713659,6379.018718748807,0.6705102645280206,14.236103935012503,0,0.4660739600186181,84.3845963402406,0
gig_worker,28360.519697494037,0.35268241142722884,0.8441952765718314,4.847894518324151,3096.411200880243,0.5770064385326729,20.232147272227568,0,0.610005146154453,92.32410710073668,0
student,12020.604764817112,0.6380466469624365,0.758586005911269,23.635074388656328,2395.1507005816734,0.7217731916989428,15.958396838473828,0,0.37073895466304574,67.4655363795376,1
student,11944.325982701797,0.7606776298094993,0.7217967110571502,24.856336779981408,1587.0698260801933,0.7686828813798798,11.286097587550575,0,0.3168997446939642,62.27093048144391,1
salaried,86142.19468960019,0.20710489667002846,0.8878685309989914,3.039526070453519,15276.730692406649,0.6059475960553237,69.84290455127947,0,0.5262065935554248,100.0,2
student,12434.602993972667,0.755976974047782,0.7232069077856653,7.289752761318102,2436.681330475823,0.8140591272388855,10.750113456979248,0,0.32209815262757346,73.0473367910759,1
salaried,60778.40702264622,0.11065114967998832,0.9168046550960035,0.40090007040951725,11468.449196053985,0.6354314279047313,56.091487042699875,0,0.6921853074433664,100.0,2
student,12620.172141734984,0.8121095780399035,0.7063671265880289,19.479461109321875,1642.384206210883,0.9256133268214604,4.395320731471273,0,0.20537539031409527,65.94360913702707,1
gig_worker,36071.508800975585,0.4977119910446736,0.8006864026865979,5.835529199504031,7989.843652422237,0.6942999716836378,7.837041036975789,0,0.5189655243083234,85.77781243618321,0
gig_worker,36843.68006946116,0.6459615270464674,0.7562115418860598,11.00240674669993,7644.428773766456,0.7182416555986082,17.56600931872758,0,0.4991186317483576,80.63036866963043,0
student,15861.973170456422,0.7895141021555058,0.7131457693533483,21.44844747336557,4986.855015039935,0.9291588089603018,12.050689630779221,0,0.35095116268493076,62.791278855074495,1
gig_worker,42685.171943085865,0.5909417564722479,0.7727174730583256,6.869187531261577,6049.1312943009,0.6576323346155519,11.988954051440167,0,0.39919818433800847,88.13940649607186,0
gig_worker,36236.53381792305,0.3589067159670128,0.8423279852098962,10.395691021724295,9393.436473082897,0.635151041645323,9.011899331601342,0,0.5280212189388104,84.92333893923909,0
student,7113.329449276456,0.615367766276497,0.7653896701170508,24.760719323111836,1518.69872044604,0.8720685589450592,5.9516123191455765,0,0.28904035619494145,63.8680146376461,1
student,15817.462339796217,0.8392052221353107,0.6982384333594067,12.684134259716004,1735.9507240560927,0.7077389477298358,11.14772195888426,0,0.15348249561726934,66.66369624261723,1
salaried,42943.278673327324,0.2350124774524721,0.8794962567642584,0.580694801002628,14556.900032559977,0.4784916793443382,66.6433762708167,0,0.757004721450963,100.0,2
salaried,64675.19073830068,0.14326081567281185,0.9070217552981564,4.805677427037965,12764.97303431227,0.49637797618423063,40.33858100421627,0,0.610287023549859,100.0,2
student,16718.443922751543,0.8000949885812756,0.7099715034256173,13.808827006248482,2935.479761091706,0.7648337243292735,7.087100570802311,0,0.2726774005016487,68.12633742277058,1
gig_worker,32003.61926182222,0.6882460850532426,0.7435261744840271,9.25021474125057,5978.892460058556,0.6951169002484241,11.846261456519212,0,0.42492264539437363,81.28691406996603,0
student,12875.585286000045,0.7208132083546849,0.7337560374935945,17.413209596491683,1935.5613319430486,0.7987844358160796,3.8286501907088857,0,0.380419450174488,70.4067933398191,1
gig_worker,37195.71976918597,0.6874100965079297,0.7437769710476211,13.822909942184147,10434.731331726385,0.6833466571913407,42.53870470520277,0,0.4747068803777077,85.89446775119887,0
gig_worker,24676.116682478278,0.6569817033563661,0.7529054889930902,14.272547219730171,3385.5383439786033,0.6656689012663484,47.201469882832775,0,0.5148752347405439,87.00354145484623,0
student,14619.508292080398,0.6625989723758806,0.7512203082872357,10.715671110517404,2204.7062455268556,0.8904495478444243,11.117350643283585,0,0.40013826057482615,70.9534453368015,1
student,15581.868779964834,0.7793583383964153,0.7161924984810754,16.470579029111466,5282.437162801817,0.7501186288821007,5.2945484165020495,1,0.31412994195227534,44.04428529429262,1
salaried,64946.532616247634,0.23396353077931223,0.8798109407662063,0.3122879680953572,20839.14652276968,0.5120797638423555,48.50075947220314,0,0.7875366635514387,100.0,2
gig_worker,45656.509124333126,0.60294743519438,0.7691157694416859,11.002921609982403,6100.110590546518,0.6248488970929204,21.066052067514565,0,0.3718595006077379,85.90498153471853,0
gig_worker,28068.684716638352,0.6851068066633337,0.7444679580009999,2.1152227064750955,9808.74822211977,0.719205324714349,40.795710576862916,0,0.2432304993021178,93.33567579136839,0
salaried,77725.64009914282,0.1214275430951258,0.9135717370714622,3.767139611284845,22713.81786644681,0.5646351289175138,60.77356477418814,0,0.761224708414162,100.0,2
gig_worker,35725.26595806313,0.5206697333835237,0.7937990799849428,3.009441350730866,7212.422389053504,0.651776622281407,8.772413453890145,0,0.3708975896072802,84.210305876888,0
salaried,70452.86180815233,0.1449348516930811,0.9065195444920756,0.38431037638081755,15862.88927485837,0.5986288861226872,57.94015090880151,0,0.5849096395945224,100.0,2
student,13825.822327070222,0.638587148214383,0.758423855535685,9.647686461120957,2353.8618014618405,0.9008706858242211,22.513789126268932,0,0.5386810117111193,78.7021236737299,1
gig_worker,17673.655660553064,0.5741666147615454,0.7777500155715363,14.726754497272516,4433.847859303244,0.6394535210283873,33.20833273160219,0,0.5720977552226924,81.32585034943509,0
student,11602.44996137431,0.6848049226118926,0.7445585232164322,16.717295769070383,2972.5008723094793,0.7179439515566282,17.33496164569145,0,0.45330283618484135,74.45210518881419,1
salaried,73548.72626314296,0.17802548384661268,0.8965923548460162,0.7143798066970586,21611.303070109767,0.4678523451116786,47.84138029526143,0,0.5833332185919403,100.0,2
student,16109.126333909342,0.5662996104468712,0.7801101168659386,19.972904682524,2889.924085101616,0.7000336732511213,13.733711923981826,0,0.39307110107814713,76.19726887046069,1
salaried,57123.250894379715,0.11528385820990203,0.9154148425370293,1.8011695940021393,9573.76097401275,0.6106779755401388,39.04070004408687,0,0.8483913285172792,100.0,2
student,15376.763313121031,0.8229829431563176,0.7031051170531046,12.546361079263857,5243.777737726331,0.7223223811313932,17.427404596568095,0,0.2725048757429036,70.03898696567039,1
student,13566.73104374403,0.7499156240734619,0.7250253127779613,24.320950102573544,3937.8718579888164,0.9376931769328345,17.753350532230947,0,0.2316601022311798,62.26662499908274,1
salaried,57753.940208484375,0.1966223832213874,0.8910132850335838,0.24093006196648115,10973.97729076895,0.6391999538710715,48.01925499408966,0,0.6693364516149558,100.0,2
gig_worker,18763.485943442865,0.36832425706561533,0.8395027228803154,11.978379170732937,3830.117357696809,0.7555449717041058,41.714616047035605,0,0.6262114904116693,87.76692394906341,0
student,7750.507094761598,0.8140470213764455,0.7057858935870663,9.314813583529082,2088.399713957675,0.8519380305631806,9.20133102900849,0,0.3570637153173157,72.01385831106582,1
salaried,86127.63903502688,0.15926963614172548,0.9022191091574823,3.5660344164130886,12902.249225087353,0.6225537506590436,37.795660630347825,0,0.5718658039390696,100.0,2
gig_worker,19050.363651522654,0.5305516659493148,0.7908345002152055,5.47870479746363,5884.086896163524,0.5536733471637385,21.92195004422132,0,0.3374672897056914,81.47702513308974,0
